year,time_period,establishment_type,establishment_type_group,characteristic_sex,number_of_students,aps,aps_grade,version,cert_type
2016,201516,All FE sector colleges,All FE sector colleges,All students,94459,29.21,C,Revised,A level
2016,201516,All independent schools,All independent schools,All students,37867,40.76,B,Revised,A level
2016,201516,All institutions,All Institutions,All students,323273,31.79,C+,Revised,A level
2016,201516,All schools,All schools,All students,239749,32.58,C+,Revised,A level
2016,201516,All state-funded,All state-funded,All students,286399,30.44,C,Revised,A level
2016,201516,All state-funded schools,All state-funded schools,All students,201871,30.84,C,Revised,A level
2016,201516,Converter academies - mainstream,All state-funded schools,All students,118274,32.07,C+,Revised,A level
2016,201516,Free schools,All state-funded schools,All students,602,26.23,C-,Revised,A level
2016,201516,Free schools 16-19,All state-funded schools,All students,1100,33.89,C+,Revised,A level
2016,201516,Independent schools,All independent schools,All students,37744,40.79,B,Revised,A level
2016,201516,Independent special schools,All independent schools,All students,123,24.73,D+,Revised,A level
2016,201516,LA maintained mainstream schools,All state-funded schools,All students,58737,29.63,C,Revised,A level
2016,201516,Other FE sector colleges,All FE sector colleges,All students,30206,26.28,C-,Revised,A level
2016,201516,Sixth form colleges,All FE sector colleges,All students,64253,30.4,C,Revised,A level
2016,201516,Sponsored academies - mainstream,All state-funded schools,All students,21259,26.18,C-,Revised,A level
2016,201516,Studio schools,All state-funded schools,All students,292,24.73,D+,Revised,A level
2016,201516,University technical colleges (UTCs),All state-funded schools,All students,1059,20.22,D,Revised,A level
2016,201516,All FE sector colleges,All FE sector colleges,All students,72416,32.6,Dist-,Revised,Applied general
2016,201516,All independent schools,All independent schools,All students,1068,38.16,Dist+,Revised,Applied general
2016,201516,All institutions,All Institutions,All students,125325,34.69,Dist,Revised,Applied general
2016,201516,All schools,All schools,All students,54880,37.99,Dist+,Revised,Applied general
2016,201516,All state-funded,All state-funded,All students,124269,34.66,Dist,Revised,Applied general
2016,201516,All state-funded schools,All state-funded schools,All students,53810,37.99,Dist+,Revised,Applied general
2016,201516,Converter academies - mainstream,All state-funded schools,All students,23272,38.3,Dist+,Revised,Applied general
2016,201516,Free schools,All state-funded schools,All students,146,33.35,Dist,Revised,Applied general
2016,201516,Free schools 16-19,All state-funded schools,All students,355,32.49,Dist-,Revised,Applied general
2016,201516,Independent schools,All independent schools,All students,1019,38.48,Dist+,Revised,Applied general
2016,201516,Independent special schools,All independent schools,All students,49,29.52,Merit+,Revised,Applied general
2016,201516,LA maintained mainstream schools,All state-funded schools,All students,16541,38.5,Dist+,Revised,Applied general
2016,201516,Other FE sector colleges,All FE sector colleges,All students,52463,31.17,Dist-,Revised,Applied general
2016,201516,Sixth form colleges,All FE sector colleges,All students,19953,37.33,Dist+,Revised,Applied general
2016,201516,Sponsored academies - mainstream,All state-funded schools,All students,12331,37.22,Dist+,Revised,Applied general
2016,201516,Studio schools,All state-funded schools,All students,378,32.43,Dist-,Revised,Applied general
2016,201516,University technical colleges (UTCs),All state-funded schools,All students,400,32.32,Dist-,Revised,Applied general
2016,201516,All FE sector colleges,All FE sector colleges,All students,57020,29.73,Merit+,Revised,Tech level
2016,201516,All independent schools,All independent schools,All students,193,36.86,Dist+,Revised,Tech level
2016,201516,All institutions,All Institutions,All students,69318,30.77,Dist-,Revised,Tech level
2016,201516,All schools,All schools,All students,12620,36.89,Dist+,Revised,Tech level
2016,201516,All state-funded,All state-funded,All students,69129,30.76,Dist-,Revised,Tech level
2016,201516,All state-funded schools,All state-funded schools,All students,12427,36.89,Dist+,Revised,Tech level
2016,201516,Converter academies - mainstream,All state-funded schools,All students,4636,37.22,Dist+,Revised,Tech level
2016,201516,Free schools,All state-funded schools,All students,98,33.45,Dist,Revised,Tech level
2016,201516,Free schools 16-19,All state-funded schools,All students,127,30,Dist-,Revised,Tech level
2016,201516,Independent schools,All independent schools,All students,163,38.07,Dist+,Revised,Tech level
2016,201516,Independent special schools,All independent schools,All students,30,29.48,Merit+,Revised,Tech level
2016,201516,LA maintained mainstream schools,All state-funded schools,All students,3412,37.56,Dist+,Revised,Tech level
2016,201516,Other FE sector colleges,All FE sector colleges,All students,50395,28.98,Merit+,Revised,Tech level
2016,201516,Sixth form colleges,All FE sector colleges,All students,6625,36.43,Dist,Revised,Tech level
2016,201516,Sponsored academies - mainstream,All state-funded schools,All students,2878,36.84,Dist+,Revised,Tech level
2016,201516,Studio schools,All state-funded schools,All students,268,32.73,Dist-,Revised,Tech level
2016,201516,University technical colleges (UTCs),All state-funded schools,All students,848,35.73,Dist,Revised,Tech level
2017,201617,All FE sector colleges,All FE sector colleges,All students,91729,30.03,C,Revised,A level
2017,201617,All independent schools,All independent schools,All students,38168,40.69,B,Revised,A level
2017,201617,All institutions,All Institutions,All students,316202,32.39,C+,Revised,A level
2017,201617,All schools,All schools,All students,235654,33.07,C+,Revised,A level
2017,201617,All state-funded,All state-funded,All students,278897,31.13,C,Revised,A level
2017,201617,All state-funded schools,All state-funded schools,All students,197423,31.45,C,Revised,A level
2017,201617,Converter academies - mainstream,All state-funded schools,All students,119639,32.55,C+,Revised,A level
2017,201617,Free schools,All state-funded schools,All students,947,28.6,C,Revised,A level
2017,201617,Free schools 16-19,All state-funded schools,All students,1654,34.94,C+,Revised,A level
2017,201617,Independent schools,All independent schools,All students,38110,40.7,B,Revised,A level
2017,201617,Independent special schools,All independent schools,All students,58,26.44,C-,Revised,A level
2017,201617,LA maintained mainstream schools,All state-funded schools,All students,51824,30.38,C,Revised,A level
2017,201617,Other FE sector colleges,All FE sector colleges,All students,28120,26.99,C-,Revised,A level
2017,201617,Sixth form colleges,All FE sector colleges,All students,63609,31.24,C,Revised,A level
2017,201617,Sponsored academies - mainstream,All state-funded schools,All students,21029,27,C-,Revised,A level
2017,201617,Studio schools,All state-funded schools,All students,349,23.41,D+,Revised,A level
2017,201617,University technical colleges (UTCs),All state-funded schools,All students,1525,21.16,D,Revised,A level
2017,201617,All FE sector colleges,All FE sector colleges,All students,75637,33.53,Dist,Revised,Applied general
2017,201617,All independent schools,All independent schools,All students,1419,39.31,Dist+,Revised,Applied general
2017,201617,All institutions,All Institutions,All students,123715,35.72,Dist,Revised,Applied general
2017,201617,All schools,All schools,All students,50864,39.59,Dist+,Revised,Applied general
2017,201617,All state-funded,All state-funded,All students,122282,35.69,Dist,Revised,Applied general
2017,201617,All state-funded schools,All state-funded schools,All students,49424,39.6,Dist+,Revised,Applied general
2017,201617,Converter academies - mainstream,All state-funded schools,All students,22241,39.9,Dist+,Revised,Applied general
2017,201617,Free schools,All state-funded schools,All students,146,38.28,Dist+,Revised,Applied general
2017,201617,Free schools 16-19,All state-funded schools,All students,385,34.92,Dist,Revised,Applied general
2017,201617,Independent schools,All independent schools,All students,1397,39.34,Dist+,Revised,Applied general
2017,201617,Independent special schools,All independent schools,All students,22,36.73,Dist+,Revised,Applied general
2017,201617,LA maintained mainstream schools,All state-funded schools,All students,13887,39.87,Dist+,Revised,Applied general
2017,201617,Other FE sector colleges,All FE sector colleges,All students,54300,31.97,Dist-,Revised,Applied general
2017,201617,Sixth form colleges,All FE sector colleges,All students,21337,38.64,Dist+,Revised,Applied general
2017,201617,Sponsored academies - mainstream,All state-funded schools,All students,11504,39.08,Dist+,Revised,Applied general
2017,201617,Studio schools,All state-funded schools,All students,389,35.83,Dist,Revised,Applied general
2017,201617,University technical colleges (UTCs),All state-funded schools,All students,501,36.43,Dist,Revised,Applied general
2017,201617,All FE sector colleges,All FE sector colleges,All students,52225,31.13,Dist-,Revised,Tech level
2017,201617,All independent schools,All independent schools,All students,211,36.22,Dist,Revised,Tech level
2017,201617,All institutions,All Institutions,All students,64453,32.26,Dist-,Revised,Tech level
2017,201617,All schools,All schools,All students,12781,38.43,Dist+,Revised,Tech level
2017,201617,All state-funded,All state-funded,All students,64244,32.25,Dist-,Revised,Tech level
2017,201617,All state-funded schools,All state-funded schools,All students,12568,38.47,Dist+,Revised,Tech level
2017,201617,Converter academies - mainstream,All state-funded schools,All students,4854,38.82,Dist+,Revised,Tech level
2017,201617,Free schools,All state-funded schools,All students,126,43.85,Dist*-,Revised,Tech level
2017,201617,Free schools 16-19,All state-funded schools,All students,122,32.38,Dist-,Revised,Tech level
2017,201617,Independent schools,All independent schools,All students,194,36.36,Dist,Revised,Tech level
2017,201617,Independent special schools,All independent schools,All students,17,33.95,Dist,Revised,Tech level
2017,201617,LA maintained mainstream schools,All state-funded schools,All students,3229,39.27,Dist+,Revised,Tech level
2017,201617,Other FE sector colleges,All FE sector colleges,All students,45088,30.29,Dist-,Revised,Tech level
2017,201617,Sixth form colleges,All FE sector colleges,All students,7137,37.62,Dist+,Revised,Tech level
2017,201617,Sponsored academies - mainstream,All state-funded schools,All students,2640,38.34,Dist+,Revised,Tech level
2017,201617,Studio schools,All state-funded schools,All students,222,33.69,Dist,Revised,Tech level
2017,201617,University technical colleges (UTCs),All state-funded schools,All students,1218,36.47,Dist,Revised,Tech level
2018,201718,All FE sector colleges,All FE sector colleges,All students,76552,31.13,C,Revised,A level
2018,201718,All independent schools,All independent schools,All students,36532,41.31,B,Revised,A level
2018,201718,All institutions,All Institutions,All students,299420,33.33,C+,Revised,A level
2018,201718,All schools,All schools,All students,232035,33.87,C+,Revised,A level
2018,201718,All state-funded,All state-funded,All students,263436,32.12,C+,Revised,A level
2018,201718,All state-funded schools,All state-funded schools,All students,195454,32.35,C+,Revised,A level
2018,201718,Converter academies - mainstream,All state-funded schools,All students,125956,33.31,C+,Revised,A level
2018,201718,Free schools,All state-funded schools,All students,1094,29.57,C,Revised,A level
2018,201718,Free schools 16-19,All state-funded schools,All students,1746,36.53,B-,Revised,A level
2018,201718,Independent schools,All independent schools,All students,36470,41.32,B,Revised,A level
2018,201718,Independent special schools,All independent schools,All students,62,26.21,C-,Revised,A level
2018,201718,LA maintained mainstream schools,All state-funded schools,All students,44273,31.46,C,Revised,A level
2018,201718,Other FE sector colleges,All FE sector colleges,All students,26517,28.06,C-,Revised,A level
2018,201718,Sixth form colleges,All FE sector colleges,All students,50035,32.68,C+,Revised,A level
2018,201718,Sponsored academies - mainstream,All state-funded schools,All students,20082,27.76,C-,Revised,A level
2018,201718,Studio schools,All state-funded schools,All students,366,21.61,D,Revised,A level
2018,201718,University technical colleges (UTCs),All state-funded schools,All students,1501,20.19,D,Revised,A level
2018,201718,All FE sector colleges,All FE sector colleges,All students,10667,26.25,Merit,Revised,Applied general
2018,201718,All independent schools,All independent schools,All students,551,30.46,Dist-,Revised,Applied general
2018,201718,All institutions,All Institutions,All students,45797,28.45,Merit+,Revised,Applied general
2018,201718,All schools,All schools,All students,35335,29.1,Merit+,Revised,Applied general
2018,201718,All state-funded,All state-funded,All students,45245,28.43,Merit+,Revised,Applied general
2018,201718,All state-funded schools,All state-funded schools,All students,34782,29.09,Merit+,Revised,Applied general
2018,201718,Converter academies - mainstream,All state-funded schools,All students,17422,29.2,Merit+,Revised,Applied general
2018,201718,Free schools,All state-funded schools,All students,77,29.82,Merit+,Revised,Applied general
2018,201718,Free schools 16-19,All state-funded schools,All students,80,33.52,Dist,Revised,Applied general
2018,201718,Independent schools,All independent schools,All students,544,30.43,Dist-,Revised,Applied general
2018,201718,Independent special schools,All independent schools,All students,7,32.7,Dist-,Revised,Applied general
2018,201718,LA maintained mainstream schools,All state-funded schools,All students,8813,28.99,Merit+,Revised,Applied general
2018,201718,Other FE sector colleges,All FE sector colleges,All students,6175,25.19,Merit,Revised,Applied general
2018,201718,Sixth form colleges,All FE sector colleges,All students,4492,28.41,Merit+,Revised,Applied general
2018,201718,Sponsored academies - mainstream,All state-funded schools,All students,7510,28.84,Merit+,Revised,Applied general
2018,201718,Studio schools,All state-funded schools,All students,267,29.26,Merit+,Revised,Applied general
2018,201718,University technical colleges (UTCs),All state-funded schools,All students,537,29.94,Merit+,Revised,Applied general
2018,201718,All FE sector colleges,All FE sector colleges,All students,7017,25.6,Merit,Revised,Tech level
2018,201718,All independent schools,All independent schools,All students,29,24.9,Merit,Revised,Tech level
2018,201718,All institutions,All Institutions,All students,12829,28.1,Merit+,Revised,Tech level
2018,201718,All schools,All schools,All students,5881,31.46,Dist-,Revised,Tech level
2018,201718,All state-funded,All state-funded,All students,12800,28.11,Merit+,Revised,Tech level
2018,201718,All state-funded schools,All state-funded schools,All students,5852,31.49,Dist-,Revised,Tech level
2018,201718,Converter academies - mainstream,All state-funded schools,All students,2566,32.23,Dist-,Revised,Tech level
2018,201718,Free schools,All state-funded schools,All students,34,38.67,Dist+,Revised,Tech level
2018,201718,Free schools 16-19,All state-funded schools,All students,6,36.19,Dist,Revised,Tech level
2018,201718,Independent schools,All independent schools,All students,29,24.9,Merit,Revised,Tech level
2018,201718,Independent special schools,All independent schools,All students,0,NA,z,Revised,Tech level
2018,201718,LA maintained mainstream schools,All state-funded schools,All students,1186,31.5,Dist-,Revised,Tech level
2018,201718,Other FE sector colleges,All FE sector colleges,All students,6678,25.2,Merit,Revised,Tech level
2018,201718,Sixth form colleges,All FE sector colleges,All students,339,32.63,Dist-,Revised,Tech level
2018,201718,Sponsored academies - mainstream,All state-funded schools,All students,1178,30.93,Dist-,Revised,Tech level
2018,201718,Studio schools,All state-funded schools,All students,133,27.29,Merit+,Revised,Tech level
2018,201718,University technical colleges (UTCs),All state-funded schools,All students,734,30.41,Dist-,Revised,Tech level
2019,201819,All FE sector colleges,All FE sector colleges,All students,63507,31.92,C+,Revised,A level
2019,201819,All independent schools,All independent schools,All students,35751,41.24,B,Revised,A level
2019,201819,All institutions,All Institutions,All students,283532,34.01,C+,Revised,A level
2019,201819,All schools,All schools,All students,224966,34.48,C+,Revised,A level
2019,201819,All state-funded,All state-funded,All students,247994,32.87,C+,Revised,A level
2019,201819,All state-funded schools,All state-funded schools,All students,189176,33.09,C+,Revised,A level
2019,201819,Converter academies - mainstream,All state-funded schools,All students,125612,33.97,C+,Revised,A level
2019,201819,Free schools,All state-funded schools,All students,1494,29.78,C,Revised,A level
2019,201819,Free schools 16-19,All state-funded schools,All students,2930,38.12,B-,Revised,A level
2019,201819,Independent schools,All independent schools,All students,35705,41.25,B,Revised,A level
2019,201819,Independent special schools,All independent schools,All students,46,26.38,C-,Revised,A level
2019,201819,LA maintained mainstream schools,All state-funded schools,All students,37286,32.25,C+,Revised,A level
2019,201819,Other FE sector colleges,All FE sector colleges,All students,23312,28.57,C,Revised,A level
2019,201819,Sixth form colleges,All FE sector colleges,All students,40195,33.76,C+,Revised,A level
2019,201819,Sponsored academies - mainstream,All state-funded schools,All students,19777,28.36,C,Revised,A level
2019,201819,Studio schools,All state-funded schools,All students,351,25.37,C-,Revised,A level
2019,201819,University technical colleges (UTCs),All state-funded schools,All students,1283,23.06,D+,Revised,A level
2019,201819,All FE sector colleges,All FE sector colleges,All students,21219,27.2,Merit+,Revised,Applied general
2019,201819,All independent schools,All independent schools,All students,1054,31,Dist-,Revised,Applied general
2019,201819,All institutions,All Institutions,All students,68772,28.91,Merit+,Revised,Applied general
2019,201819,All schools,All schools,All students,48340,29.72,Merit+,Revised,Applied general
2019,201819,All state-funded,All state-funded,All students,67709,28.89,Merit+,Revised,Applied general
2019,201819,All state-funded schools,All state-funded schools,All students,47276,29.7,Merit+,Revised,Applied general
2019,201819,Converter academies - mainstream,All state-funded schools,All students,25474,29.85,Merit+,Revised,Applied general
2019,201819,Free schools,All state-funded schools,All students,78,29.54,Merit+,Revised,Applied general
2019,201819,Free schools 16-19,All state-funded schools,All students,269,31.33,Dist-,Revised,Applied general
2019,201819,Independent schools,All independent schools,All students,1046,30.99,Dist-,Revised,Applied general
2019,201819,Independent special schools,All independent schools,All students,8,33.04,Dist-,Revised,Applied general
2019,201819,LA maintained mainstream schools,All state-funded schools,All students,10622,29.2,Merit+,Revised,Applied general
2019,201819,Other FE sector colleges,All FE sector colleges,All students,14643,26.47,Merit,Revised,Applied general
2019,201819,Sixth form colleges,All FE sector colleges,All students,6576,29.57,Merit+,Revised,Applied general
2019,201819,Sponsored academies - mainstream,All state-funded schools,All students,9676,29.75,Merit+,Revised,Applied general
2019,201819,Studio schools,All state-funded schools,All students,311,27.56,Merit+,Revised,Applied general
2019,201819,University technical colleges (UTCs),All state-funded schools,All students,728,30.48,Dist-,Revised,Applied general
2019,201819,All FE sector colleges,All FE sector colleges,All students,12417,26.92,Merit+,Revised,Tech level
2019,201819,All independent schools,All independent schools,All students,51,30.65,Dist-,Revised,Tech level
2019,201819,All institutions,All Institutions,All students,19485,28.64,Merit+,Revised,Tech level
2019,201819,All schools,All schools,All students,7279,32.31,Dist-,Revised,Tech level
2019,201819,All state-funded,All state-funded,All students,19431,28.64,Merit+,Revised,Tech level
2019,201819,All state-funded schools,All state-funded schools,All students,7224,32.32,Dist-,Revised,Tech level
2019,201819,Converter academies - mainstream,All state-funded schools,All students,3241,33.17,Dist-,Revised,Tech level
2019,201819,Free schools,All state-funded schools,All students,37,37.01,Dist+,Revised,Tech level
2019,201819,Free schools 16-19,All state-funded schools,All students,33,30.27,Dist-,Revised,Tech level
2019,201819,Independent schools,All independent schools,All students,50,31.32,Dist-,Revised,Tech level
2019,201819,Independent special schools,All independent schools,All students,1,0,U,Revised,Tech level
2019,201819,LA maintained mainstream schools,All state-funded schools,All students,1320,32.06,Dist-,Revised,Tech level
2019,201819,Other FE sector colleges,All FE sector colleges,All students,11708,26.48,Merit,Revised,Tech level
2019,201819,Sixth form colleges,All FE sector colleges,All students,709,34.46,Dist,Revised,Tech level
2019,201819,Sponsored academies - mainstream,All state-funded schools,All students,1500,31.3,Dist-,Revised,Tech level
2019,201819,Studio schools,All state-funded schools,All students,159,30.42,Dist-,Revised,Tech level
2019,201819,University technical colleges (UTCs),All state-funded schools,All students,920,31.45,Dist-,Revised,Tech level
2020,201920,All FE sector colleges,All FE sector colleges,All students,58046,36.74,B-,Final,A level
2020,201920,All independent schools,All independent schools,All students,34964,46.56,A-,Final,A level
2020,201920,All schools,All schools,All students,215412,40.35,B,Final,A level
2020,201920,All institutions,All Institutions,All students,272015,39.64,B,Final,A level
2020,201920,All state-funded schools,All state-funded schools,All students,180411,39.07,B,Final,A level
2020,201920,All state-funded,All state-funded,All students,237220,38.55,B,Final,A level
2020,201920,Converter academies - mainstream,All state-funded schools,All students,123257,39.56,B,Final,A level
2020,201920,Free schools,All state-funded schools,All students,1903,37.11,B-,Final,A level
2020,201920,Free schools 16-19,All state-funded schools,All students,3219,41.25,B,Final,A level
2020,201920,Independent schools,All independent schools,All students,34913,46.57,A-,Final,A level
2020,201920,Independent special schools,All independent schools,All students,51,36.46,B-,Final,A level
2020,201920,LA maintained mainstream schools,All state-funded schools,All students,32009,38.62,B,Final,A level
2020,201920,Other FE sector colleges,All FE sector colleges,All students,23350,34.15,C+,Final,A level
2020,201920,Sixth form colleges,All FE sector colleges,All students,34696,38.39,B,Final,A level
2020,201920,Sponsored academies - mainstream,All state-funded schools,All students,18121,36.21,B-,Final,A level
2020,201920,Studio schools,All state-funded schools,All students,271,36.76,B-,Final,A level
2020,201920,University technical colleges (UTCs),All state-funded schools,All students,1195,33.57,C+,Final,A level
2020,201920,All FE sector colleges,All FE sector colleges,All students,26254,28.21,Merit+,Final,Applied general
2020,201920,All independent schools,All independent schools,All students,1545,33.23,Dist-,Final,Applied general
2020,201920,All schools,All schools,All students,54269,32.76,Dist-,Final,Applied general
2020,201920,All institutions,All Institutions,All students,79374,31.25,Dist-,Final,Applied general
2020,201920,All state-funded schools,All state-funded schools,All students,52710,32.75,Dist-,Final,Applied general
2020,201920,All state-funded,All state-funded,All students,77818,31.22,Dist-,Final,Applied general
2020,201920,Converter academies - mainstream,All state-funded schools,All students,30574,32.57,Dist-,Final,Applied general
2020,201920,Free schools,All state-funded schools,All students,223,32.16,Dist-,Final,Applied general
2020,201920,Free schools 16-19,All state-funded schools,All students,480,31.9,Dist-,Final,Applied general
2020,201920,Independent schools,All independent schools,All students,1526,33.31,Dist-,Final,Applied general
2020,201920,Independent special schools,All independent schools,All students,19,23.9,Merit,Final,Applied general
2020,201920,LA maintained mainstream schools,All state-funded schools,All students,10188,32.49,Dist-,Final,Applied general
2020,201920,Other FE sector colleges,All FE sector colleges,All students,18888,27.33,Merit+,Final,Applied general
2020,201920,Sixth form colleges,All FE sector colleges,All students,7366,31.48,Dist-,Final,Applied general
2020,201920,Sponsored academies - mainstream,All state-funded schools,All students,10065,33.58,Dist,Final,Applied general
2020,201920,Studio schools,All state-funded schools,All students,320,31.9,Dist-,Final,Applied general
2020,201920,University technical colleges (UTCs),All state-funded schools,All students,701,30.87,Dist-,Final,Applied general
2020,201920,All FE sector colleges,All FE sector colleges,All students,15107,27.89,Merit+,Final,Tech level
2020,201920,All independent schools,All independent schools,All students,85,32.66,Dist-,Final,Tech level
2020,201920,All schools,All schools,All students,8216,34.57,Dist,Final,Tech level
2020,201920,All institutions,All Institutions,All students,22946,29.93,Merit+,Final,Tech level
2020,201920,All state-funded schools,All state-funded schools,All students,8124,34.59,Dist,Final,Tech level
2020,201920,All state-funded,All state-funded,All students,22854,29.92,Merit+,Final,Tech level
2020,201920,Converter academies - mainstream,All state-funded schools,All students,3796,35.6,Dist,Final,Tech level
2020,201920,Free schools,All state-funded schools,All students,44,37.92,Dist+,Final,Tech level
2020,201920,Free schools 16-19,All state-funded schools,All students,49,32.76,Dist-,Final,Tech level
2020,201920,Independent schools,All independent schools,All students,84,32.93,Dist-,Final,Tech level
2020,201920,Independent special schools,All independent schools,All students,1,10,Pass-,Final,Tech level
2020,201920,LA maintained mainstream schools,All state-funded schools,All students,1409,34.41,Dist,Final,Tech level
2020,201920,Other FE sector colleges,All FE sector colleges,All students,14334,27.5,Merit+,Final,Tech level
2020,201920,Sixth form colleges,All FE sector colleges,All students,773,35.98,Dist,Final,Tech level
2020,201920,Sponsored academies - mainstream,All state-funded schools,All students,1521,34.54,Dist,Final,Tech level
2020,201920,Studio schools,All state-funded schools,All students,154,31.46,Dist-,Final,Tech level
2020,201920,University technical colleges (UTCs),All state-funded schools,All students,1135,32.49,Dist-,Final,Tech level
2021,202021,All FE sector colleges,All FE sector colleges,All students,54161,38.6,B,Final,A level
2021,202021,All independent schools,All independent schools,All students,34623,49.4,A,Final,A level
2021,202021,All schools,All schools,All students,217999,42.38,B+,Final,A level
2021,202021,All institutions,All Institutions,All students,271471,41.66,B,Final,A level
2021,202021,All state-funded schools,All state-funded schools,All students,183343,40.97,B,Final,A level
2021,202021,All state-funded,All state-funded,All students,236927,40.46,B,Final,A level
2021,202021,Converter academies - mainstream,All state-funded schools,All students,125536,41.34,B,Final,A level
2021,202021,Free schools,All state-funded schools,All students,2628,40.77,B,Final,A level
2021,202021,Free schools 16-19,All state-funded schools,All students,4149,42.61,B+,Final,A level
2021,202021,Independent schools,All independent schools,All students,34578,49.41,A,Final,A level
2021,202021,Independent special schools,All independent schools,All students,45,36.54,B-,Final,A level
2021,202021,LA maintained mainstream schools,All state-funded schools,All students,31327,40.65,B,Final,A level
2021,202021,Other FE sector colleges,All FE sector colleges,All students,20390,37.08,B-,Final,A level
2021,202021,Sixth form colleges,All FE sector colleges,All students,33771,39.51,B,Final,A level
2021,202021,Sponsored academies - mainstream,All state-funded schools,All students,17761,38.56,B,Final,A level
2021,202021,Studio schools,All state-funded schools,All students,255,37.91,B-,Final,A level
2021,202021,University technical colleges (UTCs),All state-funded schools,All students,1261,36.04,B-,Final,A level
2021,202021,All FE sector colleges,All FE sector colleges,All students,30167,30.08,Dist-,Final,Applied general
2021,202021,All independent schools,All independent schools,All students,1940,35.8,Dist,Final,Applied general
2021,202021,All schools,All schools,All students,60116,34.19,Dist,Final,Applied general
2021,202021,All institutions,All Institutions,All students,89784,32.69,Dist-,Final,Applied general
2021,202021,All state-funded schools,All state-funded schools,All students,58167,34.14,Dist,Final,Applied general
2021,202021,All state-funded,All state-funded,All students,87850,32.63,Dist-,Final,Applied general
2021,202021,Converter academies - mainstream,All state-funded schools,All students,34112,34.27,Dist,Final,Applied general
2021,202021,Free schools,All state-funded schools,All students,392,33.56,Dist,Final,Applied general
2021,202021,Free schools 16-19,All state-funded schools,All students,831,35.58,Dist,Final,Applied general
2021,202021,Independent schools,All independent schools,All students,1927,35.81,Dist,Final,Applied general
2021,202021,Independent special schools,All independent schools,All students,13,33.46,Dist,Final,Applied general
2021,202021,LA maintained mainstream schools,All state-funded schools,All students,10789,33.89,Dist,Final,Applied general
2021,202021,Other FE sector colleges,All FE sector colleges,All students,21466,29.16,Merit+,Final,Applied general
2021,202021,Sixth form colleges,All FE sector colleges,All students,8701,33.47,Dist,Final,Applied general
2021,202021,Sponsored academies - mainstream,All state-funded schools,All students,10718,34.11,Dist,Final,Applied general
2021,202021,Studio schools,All state-funded schools,All students,333,31.63,Dist-,Final,Applied general
2021,202021,University technical colleges (UTCs),All state-funded schools,All students,861,32.61,Dist-,Final,Applied general
2021,202021,All FE sector colleges,All FE sector colleges,All students,12894,29.87,Merit+,Final,Tech level
2021,202021,All independent schools,All independent schools,All students,121,37.07,Dist+,Final,Tech level
2021,202021,All schools,All schools,All students,8172,35.72,Dist,Final,Tech level
2021,202021,All institutions,All Institutions,All students,20929,31.68,Dist-,Final,Tech level
2021,202021,All state-funded schools,All state-funded schools,All students,8050,35.71,Dist,Final,Tech level
2021,202021,All state-funded,All state-funded,All students,20807,31.65,Dist-,Final,Tech level
2021,202021,Converter academies - mainstream,All state-funded schools,All students,3754,37.01,Dist+,Final,Tech level
2021,202021,Free schools,All state-funded schools,All students,90,38.03,Dist+,Final,Tech level
2021,202021,Free schools 16-19,All state-funded schools,All students,70,34.1,Dist,Final,Tech level
2021,202021,Independent schools,All independent schools,All students,121,37.07,Dist+,Final,Tech level
2021,202021,Independent special schools,All independent schools,All students,0,NA,z,Final,Tech level
2021,202021,LA maintained mainstream schools,All state-funded schools,All students,1314,36.24,Dist,Final,Tech level
2021,202021,Other FE sector colleges,All FE sector colleges,All students,12113,29.4,Merit+,Final,Tech level
2021,202021,Sixth form colleges,All FE sector colleges,All students,781,38.43,Dist+,Final,Tech level
2021,202021,Sponsored academies - mainstream,All state-funded schools,All students,1594,34.9,Dist,Final,Tech level
2021,202021,Studio schools,All state-funded schools,All students,139,31.2,Dist-,Final,Tech level
2021,202021,University technical colleges (UTCs),All state-funded schools,All students,1080,33.07,Dist-,Final,Tech level
2022,202122,All FE sector colleges,All FE sector colleges,All students,54465,36.29,B-,Revised,A level
2022,202122,All independent schools,All independent schools,All students,34618,45.61,A-,Revised,A level
2022,202122,All schools,All schools,All students,229915,39.46,B,Revised,A level
2022,202122,All institutions,All Institutions,All students,284380,38.87,B,Revised,A level
2022,202122,All state-funded schools,All state-funded schools,All students,195258,38.28,B-,Revised,A level
2022,202122,All state-funded,All state-funded,All students,249723,37.86,B-,Revised,A level
2022,202122,Converter academies - mainstream,All state-funded schools,All students,134454,39.06,B,Revised,A level
2022,202122,Free schools,All state-funded schools,All students,3021,35.42,B-,Revised,A level
2022,202122,Free schools 16-19,All state-funded schools,All students,5139,40.01,B,Revised,A level
2022,202122,Independent schools,All independent schools,All students,34552,45.62,A-,Revised,A level
2022,202122,Independent special schools,All independent schools,All students,66,30.37,C,Revised,A level
2022,202122,LA maintained mainstream schools,All state-funded schools,All students,31346,37.62,B-,Revised,A level
2022,202122,Other FE sector colleges,All FE sector colleges,All students,21374,33.37,C+,Revised,A level
2022,202122,Sixth form colleges,All FE sector colleges,All students,33091,38.19,B-,Revised,A level
2022,202122,Sponsored academies - mainstream,All state-funded schools,All students,19127,34.05,C+,Revised,A level
2022,202122,Studio schools,All state-funded schools,All students,286,30.13,C,Revised,A level
2022,202122,University technical colleges (UTCs),All state-funded schools,All students,1467,27.8,C-,Revised,A level
2022,202122,All FE sector colleges,All FE sector colleges,All students,49574,30.44,Dist-,Revised,Applied general
2022,202122,All independent schools,All independent schools,All students,2178,36.56,Dist,Revised,Applied general
2022,202122,All schools,All schools,All students,70282,33.4,Dist,Revised,Applied general
2022,202122,All institutions,All Institutions,All students,119853,31.98,Dist-,Revised,Applied general
2022,202122,All state-funded schools,All state-funded schools,All students,68095,33.31,Dist-,Revised,Applied general
2022,202122,All state-funded,All state-funded,All students,117666,31.91,Dist-,Revised,Applied general
2022,202122,Converter academies - mainstream,All state-funded schools,All students,40418,33.43,Dist,Revised,Applied general
2022,202122,Free schools,All state-funded schools,All students,499,32.85,Dist-,Revised,Applied general
2022,202122,Free schools 16-19,All state-funded schools,All students,1760,35.05,Dist,Revised,Applied general
2022,202122,Independent schools,All independent schools,All students,2161,36.6,Dist,Revised,Applied general
2022,202122,Independent special schools,All independent schools,All students,17,30.11,Dist-,Revised,Applied general
2022,202122,LA maintained mainstream schools,All state-funded schools,All students,11908,33.13,Dist-,Revised,Applied general
2022,202122,Other FE sector colleges,All FE sector colleges,All students,32037,29.05,Merit+,Revised,Applied general
2022,202122,Sixth form colleges,All FE sector colleges,All students,17537,33.7,Dist,Revised,Applied general
2022,202122,Sponsored academies - mainstream,All state-funded schools,All students,11978,32.94,Dist-,Revised,Applied general
2022,202122,Studio schools,All state-funded schools,All students,380,30.13,Dist-,Revised,Applied general
2022,202122,University technical colleges (UTCs),All state-funded schools,All students,985,32.62,Dist-,Revised,Applied general
2022,202122,All FE sector colleges,All FE sector colleges,All students,19104,29.1,Merit+,Revised,Tech level
2022,202122,All independent schools,All independent schools,All students,180,34.79,Dist,Revised,Tech level
2022,202122,All schools,All schools,All students,9432,34.82,Dist,Revised,Tech level
2022,202122,All institutions,All Institutions,All students,28535,30.56,Dist-,Revised,Tech level
2022,202122,All state-funded schools,All state-funded schools,All students,9247,34.82,Dist,Revised,Tech level
2022,202122,All state-funded,All state-funded,All students,28350,30.54,Dist-,Revised,Tech level
2022,202122,Converter academies - mainstream,All state-funded schools,All students,4296,36.17,Dist,Revised,Tech level
2022,202122,Free schools,All state-funded schools,All students,131,38.22,Dist+,Revised,Tech level
2022,202122,Free schools 16-19,All state-funded schools,All students,204,33.27,Dist-,Revised,Tech level
2022,202122,Independent schools,All independent schools,All students,176,35.09,Dist,Revised,Tech level
2022,202122,Independent special schools,All independent schools,All students,4,19.44,Pass+,Revised,Tech level
2022,202122,LA maintained mainstream schools,All state-funded schools,All students,1472,35.01,Dist,Revised,Tech level
2022,202122,Other FE sector colleges,All FE sector colleges,All students,17470,28.65,Merit+,Revised,Tech level
2022,202122,Sixth form colleges,All FE sector colleges,All students,1634,35.17,Dist,Revised,Tech level
2022,202122,Sponsored academies - mainstream,All state-funded schools,All students,1656,33.6,Dist,Revised,Tech level
2022,202122,Studio schools,All state-funded schools,All students,141,30.28,Dist-,Revised,Tech level
2022,202122,University technical colleges (UTCs),All state-funded schools,All students,1327,32.81,Dist-,Revised,Tech level
2023,202223,All FE sector colleges,All FE sector colleges,All students,57469,32.46,C+,Revised,A level
2023,202223,All independent schools,All independent schools,All students,36220,42.53,B+,Revised,A level
2023,202223,All schools,All schools,All students,234890,35.94,B-,Revised,A level
2023,202223,All institutions,All Institutions,All students,292201,35.29,B-,Revised,A level
2023,202223,All state-funded schools,All state-funded schools,All students,198613,34.63,C+,Revised,A level
2023,202223,All state-funded,All state-funded,All students,255992,34.16,C+,Revised,A level
2023,202223,Converter academies - mainstream,All state-funded schools,All students,135998,35.33,B-,Revised,A level
2023,202223,Free schools,All state-funded schools,All students,3785,32.45,C+,Revised,A level
2023,202223,Free schools 16-19,All state-funded schools,All students,5527,36.83,B-,Revised,A level
2023,202223,Independent schools,All independent schools,All students,36134,42.56,B+,Revised,A level
2023,202223,Independent special schools,All independent schools,All students,86,24.44,D+,Revised,A level
2023,202223,LA maintained mainstream schools,All state-funded schools,All students,31494,34.19,C+,Revised,A level
2023,202223,Other FE sector colleges,All FE sector colleges,All students,23441,29.3,C,Revised,A level
2023,202223,Sixth form colleges,All FE sector colleges,All students,34028,34.61,C+,Revised,A level
2023,202223,Sponsored academies - mainstream,All state-funded schools,All students,19655,30.26,C,Revised,A level
2023,202223,Studio schools,All state-funded schools,All students,292,28.06,C-,Revised,A level
2023,202223,University technical colleges (UTCs),All state-funded schools,All students,1392,25.47,C-,Revised,A level
2023,202223,All FE sector colleges,All FE sector colleges,All students,51201,27.99,Merit+,Revised,Applied general
2023,202223,All independent schools,All independent schools,All students,2307,32.66,Dist-,Revised,Applied general
2023,202223,All schools,All schools,All students,72415,30.98,Dist-,Revised,Applied general
2023,202223,All institutions,All Institutions,All students,123265,29.56,Merit+,Revised,Applied general
2023,202223,All state-funded schools,All state-funded schools,All students,70098,30.93,Dist-,Revised,Applied general
2023,202223,All state-funded,All state-funded,All students,120950,29.52,Merit+,Revised,Applied general
2023,202223,Converter academies - mainstream,All state-funded schools,All students,41885,31.04,Dist-,Revised,Applied general
2023,202223,Free schools,All state-funded schools,All students,647,29.74,Merit+,Revised,Applied general
2023,202223,Free schools 16-19,All state-funded schools,All students,1988,33.36,Dist,Revised,Applied general
2023,202223,Independent schools,All independent schools,All students,2274,32.79,Dist-,Revised,Applied general
2023,202223,Independent special schools,All independent schools,All students,33,22.05,Merit-,Revised,Applied general
2023,202223,LA maintained mainstream schools,All state-funded schools,All students,11535,31.01,Dist-,Revised,Applied general
2023,202223,Other FE sector colleges,All FE sector colleges,All students,33523,26.52,Merit,Revised,Applied general
2023,202223,Sixth form colleges,All FE sector colleges,All students,17678,31.52,Dist-,Revised,Applied general
2023,202223,Sponsored academies - mainstream,All state-funded schools,All students,12446,30.14,Dist-,Revised,Applied general
2023,202223,Studio schools,All state-funded schools,All students,382,30.53,Dist-,Revised,Applied general
2023,202223,University technical colleges (UTCs),All state-funded schools,All students,1064,30.81,Dist-,Revised,Applied general
2023,202223,All FE sector colleges,All FE sector colleges,All students,19006,26.84,Merit+,Revised,Tech level
2023,202223,All independent schools,All independent schools,All students,148,35.51,Dist,Revised,Tech level
2023,202223,All schools,All schools,All students,9199,33.19,Dist-,Revised,Tech level
2023,202223,All institutions,All Institutions,All students,28023,28.52,Merit+,Revised,Tech level
2023,202223,All state-funded schools,All state-funded schools,All students,9044,33.17,Dist-,Revised,Tech level
2023,202223,All state-funded,All state-funded,All students,27869,28.5,Merit+,Revised,Tech level
2023,202223,Converter academies - mainstream,All state-funded schools,All students,4264,33.83,Dist,Revised,Tech level
2023,202223,Free schools,All state-funded schools,All students,129,33.32,Dist-,Revised,Tech level
2023,202223,Free schools 16-19,All state-funded schools,All students,272,35.14,Dist,Revised,Tech level
2023,202223,Independent schools,All independent schools,All students,147,35.62,Dist,Revised,Tech level
2023,202223,Independent special schools,All independent schools,All students,1,15,Pass,Revised,Tech level
2023,202223,LA maintained mainstream schools,All state-funded schools,All students,1344,33.15,Dist-,Revised,Tech level
2023,202223,Other FE sector colleges,All FE sector colleges,All students,17550,26.31,Merit,Revised,Tech level
2023,202223,Sixth form colleges,All FE sector colleges,All students,1456,34.65,Dist,Revised,Tech level
2023,202223,Sponsored academies - mainstream,All state-funded schools,All students,1694,33.35,Dist,Revised,Tech level
2023,202223,Studio schools,All state-funded schools,All students,121,27.74,Merit+,Revised,Tech level
2023,202223,University technical colleges (UTCs),All state-funded schools,All students,1201,31.27,Dist-,Revised,Tech level
2024,202324,All FE sector colleges,All FE sector colleges,All students,60793,32.52,C+,Revised,A level
2024,202324,All independent schools,All independent schools,All students,36968,43.04,B+,Revised,A level
2024,202324,All schools,All schools,All students,238951,36.25,B-,Revised,A level
2024,202324,All institutions,All Institutions,All students,299335,35.55,B-,Revised,A level
2024,202324,All state-funded schools,All state-funded schools,All students,201934,34.89,C+,Revised,A level
2024,202324,All state-funded,All state-funded,All students,262421,34.38,C+,Revised,A level
2024,202324,Converter academies - mainstream,All state-funded schools,All students,139442,35.55,B-,Revised,A level
2024,202324,Free schools,All state-funded schools,All students,4386,33.02,C+,Revised,A level
2024,202324,Free schools 16-19,All state-funded schools,All students,6515,37.51,B-,Revised,A level
2024,202324,Independent schools,All independent schools,All students,36845,43.07,B+,Revised,A level
2024,202324,Independent special schools,All independent schools,All students,123,25.26,C-,Revised,A level
2024,202324,LA maintained mainstream schools,All state-funded schools,All students,29709,34.28,C+,Revised,A level
2024,202324,Other FE sector colleges,All FE sector colleges,All students,25660,29.15,C,Revised,A level
2024,202324,Sixth form colleges,All FE sector colleges,All students,35133,34.89,C+,Revised,A level
2024,202324,Sponsored academies - mainstream,All state-funded schools,All students,19652,30.86,C,Revised,A level
2024,202324,Studio schools,All state-funded schools,All students,223,29.03,C,Revised,A level
2024,202324,University technical colleges (UTCs),All state-funded schools,All students,1556,26.15,C-,Revised,A level
2024,202324,All FE sector colleges,All FE sector colleges,All students,58191,27.32,Merit+,Revised,Applied general
2024,202324,All independent schools,All independent schools,All students,2638,33.96,Dist,Revised,Applied general
2024,202324,All schools,All schools,All students,74207,30.95,Dist-,Revised,Applied general
2024,202324,All institutions,All Institutions,All students,131270,29.17,Merit+,Revised,Applied general
2024,202324,All state-funded schools,All state-funded schools,All students,71553,30.85,Dist-,Revised,Applied general
2024,202324,All state-funded,All state-funded,All students,128634,29.09,Merit+,Revised,Applied general
2024,202324,Converter academies - mainstream,All state-funded schools,All students,43523,30.98,Dist-,Revised,Applied general
2024,202324,Free schools,All state-funded schools,All students,823,30.34,Dist-,Revised,Applied general
2024,202324,Free schools 16-19,All state-funded schools,All students,2407,33.68,Dist,Revised,Applied general
2024,202324,Independent schools,All independent schools,All students,2598,34.08,Dist,Revised,Applied general
2024,202324,Independent special schools,All independent schools,All students,40,22.76,Merit-,Revised,Applied general
2024,202324,LA maintained mainstream schools,All state-funded schools,All students,11229,30.85,Dist-,Revised,Applied general
2024,202324,Other FE sector colleges,All FE sector colleges,All students,40035,25.66,Merit,Revised,Applied general
2024,202324,Sixth form colleges,All FE sector colleges,All students,18156,31.79,Dist-,Revised,Applied general
2024,202324,Sponsored academies - mainstream,All state-funded schools,All students,12116,29.91,Merit+,Revised,Applied general
2024,202324,Studio schools,All state-funded schools,All students,279,29.54,Merit+,Revised,Applied general
2024,202324,University technical colleges (UTCs),All state-funded schools,All students,994,30.2,Dist-,Revised,Applied general
2024,202324,All FE sector colleges,All FE sector colleges,All students,18883,26.44,Merit,Revised,Tech level
2024,202324,All independent schools,All independent schools,All students,178,35.91,Dist,Revised,Tech level
2024,202324,All schools,All schools,All students,8593,33.05,Dist-,Revised,Tech level
2024,202324,All institutions,All Institutions,All students,27354,28.14,Merit+,Revised,Tech level
2024,202324,All state-funded schools,All state-funded schools,All students,8408,33.02,Dist-,Revised,Tech level
2024,202324,All state-funded,All state-funded,All students,27170,28.11,Merit+,Revised,Tech level
2024,202324,Converter academies - mainstream,All state-funded schools,All students,4041,33.36,Dist,Revised,Tech level
2024,202324,Free schools,All state-funded schools,All students,151,33.65,Dist,Revised,Tech level
2024,202324,Free schools 16-19,All state-funded schools,All students,246,34.23,Dist,Revised,Tech level
2024,202324,Independent schools,All independent schools,All students,178,35.91,Dist,Revised,Tech level
2024,202324,Independent special schools,All independent schools,All students,0,NA,z,Revised,Tech level
2024,202324,LA maintained mainstream schools,All state-funded schools,All students,1194,33.56,Dist,Revised,Tech level
2024,202324,Other FE sector colleges,All FE sector colleges,All students,17412,25.83,Merit,Revised,Tech level
2024,202324,Sixth form colleges,All FE sector colleges,All students,1471,35.46,Dist,Revised,Tech level
2024,202324,Sponsored academies - mainstream,All state-funded schools,All students,1507,32.83,Dist-,Revised,Tech level
2024,202324,Studio schools,All state-funded schools,All students,121,26.72,Merit+,Revised,Tech level
2024,202324,University technical colleges (UTCs),All state-funded schools,All students,1135,32.21,Dist-,Revised,Tech level
2025,202425,All FE sector colleges,All FE sector colleges,All students,57132,33,C+,Revised,A level
2025,202425,All independent schools,All independent schools,All students,37351,43.07,B+,Revised,A level
2025,202425,All schools,All schools,All students,242079,36.75,B-,Revised,A level
2025,202425,All institutions,All Institutions,All students,298713,36.09,B-,Revised,A level
2025,202425,All state-funded schools,All state-funded schools,All students,204685,35.49,B-,Revised,A level
2025,202425,All state-funded,All state-funded,All students,261447,34.99,C+,Revised,A level
2025,202425,Converter academies - mainstream,All state-funded schools,All students,143501,36.03,B-,Revised,A level
2025,202425,Free schools,All state-funded schools,All students,5346,34.45,C+,Revised,A level
2025,202425,Free schools 16-19,All state-funded schools,All students,6894,38.23,B-,Revised,A level
2025,202425,Independent schools,All independent schools,All students,37196,43.11,B+,Revised,A level
2025,202425,Independent special schools,All independent schools,All students,155,26.75,C-,Revised,A level
2025,202425,LA maintained mainstream schools,All state-funded schools,All students,27423,35.09,B-,Revised,A level
2025,202425,Other FE sector colleges,All FE sector colleges,All students,24488,29.46,C,Revised,A level
2025,202425,Sixth form colleges,All FE sector colleges,All students,32644,35.56,B-,Revised,A level
2025,202425,Sponsored academies - mainstream,All state-funded schools,All students,19196,31.49,C,Revised,A level
2025,202425,Studio schools,All state-funded schools,All students,237,31.41,C,Revised,A level
2025,202425,University technical colleges (UTCs),All state-funded schools,All students,1605,27.1,C-,Revised,A level
2025,202425,All FE sector colleges,All FE sector colleges,All students,57201,28.26,Merit+,Revised,Applied general
2025,202425,All independent schools,All independent schools,All students,3072,34.46,Dist,Revised,Applied general
2025,202425,All schools,All schools,All students,79359,31.52,Dist-,Revised,Applied general
2025,202425,All institutions,All Institutions,All students,135886,29.97,Merit+,Revised,Applied general
2025,202425,All state-funded schools,All state-funded schools,All students,76278,31.41,Dist-,Revised,Applied general
2025,202425,All state-funded,All state-funded,All students,132817,29.89,Merit+,Revised,Applied general
2025,202425,Converter academies - mainstream,All state-funded schools,All students,48161,31.54,Dist-,Revised,Applied general
2025,202425,Free schools,All state-funded schools,All students,1088,30.19,Dist-,Revised,Applied general
2025,202425,Free schools 16-19,All state-funded schools,All students,2676,34.39,Dist,Revised,Applied general
2025,202425,Independent schools,All independent schools,All students,3028,34.59,Dist,Revised,Applied general
2025,202425,Independent special schools,All independent schools,All students,44,24.45,Merit,Revised,Applied general
2025,202425,LA maintained mainstream schools,All state-funded schools,All students,10483,31.21,Dist-,Revised,Applied general
2025,202425,Other FE sector colleges,All FE sector colleges,All students,39340,26.55,Merit,Revised,Applied general
2025,202425,Sixth form colleges,All FE sector colleges,All students,17861,32.78,Dist-,Revised,Applied general
2025,202425,Sponsored academies - mainstream,All state-funded schools,All students,12354,30.7,Dist-,Revised,Applied general
2025,202425,Studio schools,All state-funded schools,All students,330,30.14,Dist-,Revised,Applied general
2025,202425,University technical colleges (UTCs),All state-funded schools,All students,1018,30.45,Dist-,Revised,Applied general
2025,202425,All FE sector colleges,All FE sector colleges,All students,16597,26.96,Merit+,Revised,Tech level
2025,202425,All independent schools,All independent schools,All students,182,35.75,Dist,Revised,Tech level
2025,202425,All schools,All schools,All students,8339,34.03,Dist,Revised,Tech level
2025,202425,All institutions,All Institutions,All students,24844,28.86,Merit+,Revised,Tech level
2025,202425,All state-funded schools,All state-funded schools,All students,8154,34,Dist,Revised,Tech level
2025,202425,All state-funded,All state-funded,All students,24659,28.82,Merit+,Revised,Tech level
2025,202425,Converter academies - mainstream,All state-funded schools,All students,4055,34.41,Dist,Revised,Tech level
2025,202425,Free schools,All state-funded schools,All students,120,34.6,Dist,Revised,Tech level
2025,202425,Free schools 16-19,All state-funded schools,All students,270,34.8,Dist,Revised,Tech level
2025,202425,Independent schools,All independent schools,All students,181,35.7,Dist,Revised,Tech level
2025,202425,Independent special schools,All independent schools,All students,1,50,Dist*,Revised,Tech level
2025,202425,LA maintained mainstream schools,All state-funded schools,All students,1027,34.94,Dist,Revised,Tech level
2025,202425,Other FE sector colleges,All FE sector colleges,All students,15295,26.3,Merit,Revised,Tech level
2025,202425,Sixth form colleges,All FE sector colleges,All students,1302,37.01,Dist+,Revised,Tech level
2025,202425,Sponsored academies - mainstream,All state-funded schools,All students,1516,33.69,Dist,Revised,Tech level
2025,202425,Studio schools,All state-funded schools,All students,117,26.44,Merit,Revised,Tech level
2025,202425,University technical colleges (UTCs),All state-funded schools,All students,1027,33.09,Dist-,Revised,Tech level
